Departamento_id,Cantidad_Habitantes,RangoEdad
2007,179737.0,mayores_18
2007,12219.0,rango_0_5
2007,11647.0,rango_13_17
2007,17398.0,rango_6_12
2014,138668.0,mayores_18
2014,6616.0,rango_0_5
2014,6567.0,rango_13_17
2014,8758.0,rango_6_12
2021,160492.0,mayores_18
2021,9218.0,rango_0_5
2021,9970.0,rango_13_17
2021,13857.0,rango_6_12
2028,175092.0,mayores_18
2028,13843.0,rango_0_5
2028,15569.0,rango_13_17
2028,22520.0,rango_6_12
2035,161535.0,mayores_18
2035,8448.0,rango_0_5
2035,9437.0,rango_13_17
2035,13029.0,rango_6_12
2042,168561.0,mayores_18
2042,9182.0,rango_0_5
2042,10132.0,rango_13_17
2042,13889.0,rango_6_12
2049,172542.0,mayores_18
2049,10782.0,rango_0_5
2049,12646.0,rango_13_17
2049,17292.0,rango_6_12
2056,148624.0,mayores_18
2056,14568.0,rango_0_5
2056,16778.0,rango_13_17
2056,23918.0,rango_6_12
2063,133580.0,mayores_18
2063,8573.0,rango_0_5
2063,11224.0,rango_13_17
2063,14531.0,rango_6_12
2070,140187.0,mayores_18
2070,8255.0,rango_0_5
2070,10168.0,rango_13_17
2070,13286.0,rango_6_12
2077,166228.0,mayores_18
2077,9308.0,rango_0_5
2077,11447.0,rango_13_17
2077,14922.0,rango_6_12
2084,194100.0,mayores_18
2084,11942.0,rango_0_5
2084,12112.0,rango_13_17
2084,17210.0,rango_6_12
2091,219265.0,mayores_18
2091,12057.0,rango_0_5
2091,13234.0,rango_13_17
2091,17774.0,rango_6_12
2098,211461.0,mayores_18
2098,10915.0,rango_0_5
2098,10337.0,rango_13_17
2098,14539.0,rango_6_12
2105,161655.0,mayores_18
2105,9388.0,rango_0_5
2105,10154.0,rango_13_17
2105,14068.0,rango_6_12
6007,13127.0,mayores_18
6007,1292.0,rango_0_5
6007,1228.0,rango_13_17
6007,1697.0,rango_6_12
6014,9509.0,mayores_18
6014,950.0,rango_0_5
6014,987.0,rango_13_17
6014,1401.0,rango_6_12
6021,9614.0,mayores_18
6021,904.0,rango_0_5
6021,1010.0,rango_13_17
6021,1378.0,rango_6_12
6028,422869.0,mayores_18
6028,43762.0,rango_0_5
6028,48665.0,rango_13_17
6028,67913.0,rango_6_12
6035,279418.0,mayores_18
6035,22784.0,rango_0_5
6035,26833.0,rango_13_17
6035,37082.0,rango_6_12
6042,15790.0,mayores_18
6042,1699.0,rango_0_5
6042,1826.0,rango_13_17
6042,2442.0,rango_6_12
6049,55630.0,mayores_18
6049,5390.0,rango_0_5
6049,5913.0,rango_13_17
6049,8219.0,rango_6_12
6056,254567.0,mayores_18
6056,22621.0,rango_0_5
6056,23373.0,rango_13_17
6056,33944.0,rango_6_12
6063,36257.0,mayores_18
6063,3638.0,rango_0_5
6063,3551.0,rango_13_17
6063,5070.0,rango_6_12
6070,28429.0,mayores_18
6070,3225.0,rango_0_5
6070,3197.0,rango_13_17
6070,4372.0,rango_6_12
6077,23415.0,mayores_18
6077,2644.0,rango_0_5
6077,2476.0,rango_13_17
6077,3542.0,rango_6_12
6084,15594.0,mayores_18
6084,1608.0,rango_0_5
6084,1706.0,rango_13_17
6084,2277.0,rango_6_12
6091,261399.0,mayores_18
6091,25806.0,rango_0_5
6091,29661.0,rango_13_17
6091,41462.0,rango_6_12
6098,73096.0,mayores_18
6098,7704.0,rango_0_5
6098,8106.0,rango_13_17
6098,11779.0,rango_6_12
6105,27784.0,mayores_18
6105,2830.0,rango_0_5
6105,2723.0,rango_13_17
6105,3857.0,rango_6_12
6112,34481.0,mayores_18
6112,3360.0,rango_0_5
6112,3579.0,rango_13_17
6112,4807.0,rango_6_12
6119,22834.0,mayores_18
6119,2588.0,rango_0_5
6119,2931.0,rango_13_17
6119,3997.0,rango_6_12
6126,78213.0,mayores_18
6126,8120.0,rango_0_5
6126,9056.0,rango_13_17
6126,12587.0,rango_6_12
6134,48475.0,mayores_18
6134,6225.0,rango_0_5
6134,6304.0,rango_13_17
6134,9538.0,rango_6_12
6140,11759.0,mayores_18
6140,1180.0,rango_0_5
6140,1230.0,rango_13_17
6140,1713.0,rango_6_12
6147,16887.0,mayores_18
6147,1731.0,rango_0_5
6147,1796.0,rango_13_17
6147,2491.0,rango_6_12
6154,10287.0,mayores_18
6154,1107.0,rango_0_5
6154,1056.0,rango_13_17
6154,1557.0,rango_6_12
6161,12539.0,mayores_18
6161,1443.0,rango_0_5
6161,1436.0,rango_13_17
6161,1927.0,rango_6_12
6168,7032.0,mayores_18
6168,760.0,rango_0_5
6168,746.0,rango_13_17
6168,1013.0,rango_6_12
6175,20392.0,mayores_18
6175,2014.0,rango_0_5
6175,2149.0,rango_13_17
6175,2851.0,rango_6_12
6182,48408.0,mayores_18
6182,4705.0,rango_0_5
6182,5357.0,rango_13_17
6182,7353.0,rango_6_12
6189,11825.0,mayores_18
6189,1131.0,rango_0_5
6189,1230.0,rango_13_17
6189,1609.0,rango_6_12
6196,17609.0,mayores_18
6196,1890.0,rango_0_5
6196,1820.0,rango_13_17
6196,2791.0,rango_6_12
6203,31410.0,mayores_18
6203,2881.0,rango_0_5
6203,3004.0,rango_13_17
6203,4418.0,rango_6_12
6210,39536.0,mayores_18
6210,3518.0,rango_0_5
6210,4011.0,rango_13_17
6210,5344.0,rango_6_12
6218,30452.0,mayores_18
6218,3167.0,rango_0_5
6218,3596.0,rango_13_17
6218,4976.0,rango_6_12
6224,53029.0,mayores_18
6224,4906.0,rango_0_5
6224,5438.0,rango_13_17
6224,7181.0,rango_6_12
6231,13402.0,mayores_18
6231,1395.0,rango_0_5
6231,1545.0,rango_13_17
6231,1986.0,rango_6_12
6238,22930.0,mayores_18
6238,2569.0,rango_0_5
6238,2537.0,rango_13_17
6238,3369.0,rango_6_12
6245,45776.0,mayores_18
6245,4917.0,rango_0_5
6245,5509.0,rango_13_17
6245,7776.0,rango_6_12
6252,180663.0,mayores_18
6252,21900.0,rango_0_5
6252,21525.0,rango_13_17
6252,31983.0,rango_6_12
6260,240577.0,mayores_18
6260,27670.0,rango_0_5
6260,28521.0,rango_13_17
6260,41112.0,rango_6_12
6266,28474.0,mayores_18
6266,3424.0,rango_0_5
6266,3218.0,rango_13_17
6266,4920.0,rango_6_12
6270,138248.0,mayores_18
6270,17155.0,rango_0_5
6270,17602.0,rango_13_17
6270,25615.0,rango_6_12
6274,335207.0,mayores_18
6274,44663.0,rango_0_5
6274,43778.0,rango_13_17
6274,64455.0,rango_6_12
6277,7658.0,mayores_18
6277,876.0,rango_0_5
6277,950.0,rango_13_17
6277,1275.0,rango_6_12
6280,33423.0,mayores_18
6280,3570.0,rango_0_5
6280,3492.0,rango_13_17
6280,4822.0,rango_6_12
6287,7493.0,mayores_18
6287,758.0,rango_0_5
6287,762.0,rango_13_17
6287,1137.0,rango_6_12
6294,12327.0,mayores_18
6294,1212.0,rango_0_5
6294,1157.0,rango_13_17
6294,1535.0,rango_6_12
6301,15193.0,mayores_18
6301,1618.0,rango_0_5
6301,1591.0,rango_13_17
6301,2272.0,rango_6_12
6308,2314.0,mayores_18
6308,236.0,rango_0_5
6308,269.0,rango_13_17
6308,338.0,rango_6_12
6315,16384.0,mayores_18
6315,1548.0,rango_0_5
6315,1997.0,rango_13_17
6315,2637.0,rango_6_12
6322,8576.0,mayores_18
6322,866.0,rango_0_5
6322,830.0,rango_13_17
6322,1263.0,rango_6_12
6329,12930.0,mayores_18
6329,1466.0,rango_0_5
6329,1530.0,rango_13_17
6329,2054.0,rango_6_12
6336,3355.0,mayores_18
6336,419.0,rango_0_5
6336,436.0,rango_13_17
6336,636.0,rango_6_12
6343,10163.0,mayores_18
6343,1095.0,rango_0_5
6343,1178.0,rango_13_17
6343,1705.0,rango_6_12
6351,9441.0,mayores_18
6351,1104.0,rango_0_5
6351,976.0,rango_13_17
6351,1321.0,rango_6_12
6357,509165.0,mayores_18
6357,41427.0,rango_0_5
6357,47412.0,rango_13_17
6357,62565.0,rango_6_12
6364,93973.0,mayores_18
6364,14137.0,rango_0_5
6364,13235.0,rango_13_17
6364,20970.0,rango_6_12
6371,339021.0,mayores_18
6371,28038.0,rango_0_5
6371,32905.0,rango_13_17
6371,44539.0,rango_6_12
6385,16514.0,mayores_18
6385,1801.0,rango_0_5
6385,1677.0,rango_13_17
6385,2538.0,rango_6_12
6392,25341.0,mayores_18
6392,2797.0,rango_0_5
6392,2911.0,rango_13_17
6392,4006.0,rango_6_12
6399,8779.0,mayores_18
6399,822.0,rango_0_5
6399,872.0,rango_13_17
6399,1189.0,rango_6_12
6406,7865.0,mayores_18
6406,789.0,rango_0_5
6406,817.0,rango_13_17
6406,1110.0,rango_6_12
6408,140963.0,mayores_18
6408,11620.0,rango_0_5
6408,13912.0,rango_13_17
6408,18866.0,rango_6_12
6410,136244.0,mayores_18
6410,10707.0,rango_0_5
6410,13340.0,rango_13_17
6410,17692.0,rango_6_12
6412,226073.0,mayores_18
6412,29597.0,rango_0_5
6412,28541.0,rango_13_17
6412,42316.0,rango_6_12
6413,75642.0,mayores_18
6413,7543.0,rango_0_5
6413,7346.0,rango_13_17
6413,10433.0,rango_6_12
6420,73134.0,mayores_18
6420,7455.0,rango_0_5
6420,8447.0,rango_13_17
6420,11364.0,rango_6_12
6427,1302668.0,mayores_18
6427,157034.0,rango_0_5
6427,151594.0,rango_13_17
6427,225872.0,rango_6_12
6434,354375.0,mayores_18
6434,28133.0,rango_0_5
6434,33067.0,rango_13_17
6434,44506.0,rango_6_12
6441,571484.0,mayores_18
6441,52075.0,rango_0_5
6441,54517.0,rango_13_17
6441,77998.0,rango_6_12
6448,8232.0,mayores_18
6448,901.0,rango_0_5
6448,997.0,rango_13_17
6448,1366.0,rango_6_12
6455,20279.0,mayores_18
6455,1982.0,rango_0_5
6455,2104.0,rango_13_17
6455,2771.0,rango_6_12
6462,12535.0,mayores_18
6462,1361.0,rango_0_5
6462,1419.0,rango_13_17
6462,1838.0,rango_6_12
6466,4617.0,mayores_18
6466,443.0,rango_0_5
6466,471.0,rango_13_17
6466,639.0,rango_6_12
6469,33539.0,mayores_18
6469,3480.0,rango_0_5
6469,3498.0,rango_13_17
6469,4674.0,rango_6_12
6476,13552.0,mayores_18
6476,1302.0,rango_0_5
6476,1387.0,rango_13_17
6476,1865.0,rango_6_12
6483,30086.0,mayores_18
6483,3294.0,rango_0_5
6483,3370.0,rango_13_17
6483,4668.0,rango_6_12
6490,503421.0,mayores_18
6490,50825.0,rango_0_5
6490,54431.0,rango_13_17
6490,76967.0,rango_6_12
6497,80791.0,mayores_18
6497,8352.0,rango_0_5
6497,8627.0,rango_13_17
6497,12341.0,rango_6_12
6505,16067.0,mayores_18
6505,1935.0,rango_0_5
6505,1883.0,rango_13_17
6505,2768.0,rango_6_12
6511,8314.0,mayores_18
6511,861.0,rango_0_5
6511,844.0,rango_13_17
6511,1234.0,rango_6_12
6515,254029.0,mayores_18
6515,25943.0,rango_0_5
6515,29110.0,rango_13_17
6515,40319.0,rango_6_12
6518,24279.0,mayores_18
6518,2519.0,rango_0_5
6518,2553.0,rango_13_17
6518,3622.0,rango_6_12
6525,44240.0,mayores_18
6525,5973.0,rango_0_5
6525,6071.0,rango_13_17
6525,8477.0,rango_6_12
6532,52084.0,mayores_18
6532,5457.0,rango_0_5
6532,5579.0,rango_13_17
6532,7882.0,rango_6_12
6539,411945.0,mayores_18
6539,48007.0,rango_0_5
6539,49991.0,rango_13_17
6539,71541.0,rango_6_12
6547,17657.0,mayores_18
6547,1922.0,rango_0_5
6547,2006.0,rango_13_17
6547,3031.0,rango_6_12
6553,6252.0,mayores_18
6553,596.0,rango_0_5
6553,654.0,rango_13_17
6553,942.0,rango_6_12
6560,397943.0,mayores_18
6560,50791.0,rango_0_5
6560,50667.0,rango_13_17
6560,76357.0,rango_6_12
6568,260556.0,mayores_18
6568,18044.0,rango_0_5
6568,22137.0,rango_13_17
6568,28780.0,rango_6_12
6574,14304.0,mayores_18
6574,1501.0,rango_0_5
6574,1742.0,rango_13_17
6574,2341.0,rango_6_12
6581,76230.0,mayores_18
6581,6914.0,rango_0_5
6581,7794.0,rango_13_17
6581,10545.0,rango_6_12
6588,38403.0,mayores_18
6588,3963.0,rango_0_5
6588,4170.0,rango_13_17
6588,5830.0,rango_6_12
6595,90852.0,mayores_18
6595,8554.0,rango_0_5
6595,9550.0,rango_13_17
6595,13055.0,rango_6_12
6602,27546.0,mayores_18
6602,2857.0,rango_0_5
6602,2834.0,rango_13_17
6602,4262.0,rango_6_12
6609,32609.0,mayores_18
6609,3474.0,rango_0_5
6609,3684.0,rango_13_17
6609,4827.0,rango_6_12
6616,5110.0,mayores_18
6616,662.0,rango_0_5
6616,509.0,rango_13_17
6616,831.0,rango_6_12
6623,85269.0,mayores_18
6623,8676.0,rango_0_5
6623,8779.0,rango_13_17
6623,12264.0,rango_6_12
6630,3254.0,mayores_18
6630,408.0,rango_0_5
6630,361.0,rango_13_17
6630,592.0,rango_6_12
6638,274469.0,mayores_18
6638,34493.0,rango_0_5
6638,34708.0,rango_13_17
6638,49944.0,rango_6_12
6644,28283.0,mayores_18
6644,3043.0,rango_0_5
6644,3379.0,rango_13_17
6644,4519.0,rango_6_12
6648,67491.0,mayores_18
6648,10170.0,rango_0_5
6648,9857.0,rango_13_17
6648,14476.0,rango_6_12
6651,12896.0,mayores_18
6651,998.0,rango_0_5
6651,1038.0,rango_13_17
6651,1459.0,rango_6_12
6655,8968.0,mayores_18
6655,936.0,rango_0_5
6655,873.0,rango_13_17
6655,1384.0,rango_6_12
6658,463194.0,mayores_18
6658,47353.0,rango_0_5
6658,50346.0,rango_13_17
6658,70881.0,rango_6_12
6665,28050.0,mayores_18
6665,3451.0,rango_0_5
6665,3440.0,rango_13_17
6665,4707.0,rango_6_12
6672,12224.0,mayores_18
6672,1197.0,rango_0_5
6672,1309.0,rango_13_17
6672,1761.0,rango_6_12
6679,14082.0,mayores_18
6679,1734.0,rango_0_5
6679,1602.0,rango_13_17
6679,2317.0,rango_6_12
6686,19060.0,mayores_18
6686,1851.0,rango_0_5
6686,1984.0,rango_13_17
6686,2724.0,rango_6_12
6693,10103.0,mayores_18
6693,1104.0,rango_0_5
6693,1122.0,rango_13_17
6693,1572.0,rango_6_12
6700,16332.0,mayores_18
6700,1436.0,rango_0_5
6700,1530.0,rango_13_17
6700,2109.0,rango_6_12
6707,26101.0,mayores_18
6707,2716.0,rango_0_5
6707,2821.0,rango_13_17
6707,3785.0,rango_6_12
6714,28462.0,mayores_18
6714,3175.0,rango_0_5
6714,3215.0,rango_13_17
6714,4405.0,rango_6_12
6721,7002.0,mayores_18
6721,653.0,rango_0_5
6721,726.0,rango_13_17
6721,963.0,rango_6_12
6728,19061.0,mayores_18
6728,2151.0,rango_0_5
6728,2156.0,rango_13_17
6728,3031.0,rango_6_12
6735,19580.0,mayores_18
6735,2120.0,rango_0_5
6735,2122.0,rango_13_17
6735,2873.0,rango_6_12
6742,6795.0,mayores_18
6742,615.0,rango_0_5
6742,643.0,rango_13_17
6742,865.0,rango_6_12
6749,128898.0,mayores_18
6749,11498.0,rango_0_5
6749,12803.0,rango_13_17
6749,17900.0,rango_6_12
6756,231872.0,mayores_18
6756,17057.0,rango_0_5
6756,20726.0,rango_13_17
6756,26323.0,rango_6_12
6760,240335.0,mayores_18
6760,24752.0,rango_0_5
6760,25528.0,rango_13_17
6760,37035.0,rango_6_12
6763,123288.0,mayores_18
6763,12727.0,rango_0_5
6763,12797.0,rango_13_17
6763,17845.0,rango_6_12
6770,48381.0,mayores_18
6770,5781.0,rango_0_5
6770,5908.0,rango_13_17
6770,8283.0,rango_6_12
6778,64783.0,mayores_18
6778,9859.0,rango_0_5
6778,9255.0,rango_13_17
6778,14032.0,rango_6_12
6784,8357.0,mayores_18
6784,981.0,rango_0_5
6784,1070.0,rango_13_17
6784,1328.0,rango_6_12
6791,109612.0,mayores_18
6791,9785.0,rango_0_5
6791,10558.0,rango_13_17
6791,14723.0,rango_6_12
6798,7808.0,mayores_18
6798,873.0,rango_0_5
6798,889.0,rango_13_17
6798,1125.0,rango_6_12
6805,323834.0,mayores_18
6805,32611.0,rango_0_5
6805,37885.0,rango_13_17
6805,51961.0,rango_6_12
6812,1804.0,mayores_18
6812,244.0,rango_0_5
6812,182.0,rango_13_17
6812,298.0,rango_6_12
6819,11020.0,mayores_18
6819,997.0,rango_0_5
6819,1025.0,rango_13_17
6819,1549.0,rango_6_12
6826,35995.0,mayores_18
6826,4016.0,rango_0_5
6826,3791.0,rango_13_17
6826,5326.0,rango_6_12
6833,46630.0,mayores_18
6833,4260.0,rango_0_5
6833,4607.0,rango_13_17
6833,6392.0,rango_6_12
6840,282641.0,mayores_18
6840,21166.0,rango_0_5
6840,24896.0,rango_13_17
6840,33616.0,rango_6_12
6847,6717.0,mayores_18
6847,682.0,rango_0_5
6847,702.0,rango_13_17
6847,989.0,rango_6_12
6854,26211.0,mayores_18
6854,2706.0,rango_0_5
6854,2761.0,rango_13_17
6854,3733.0,rango_6_12
6861,225375.0,mayores_18
6861,14893.0,rango_0_5
6861,17663.0,rango_13_17
6861,22610.0,rango_6_12
6868,27220.0,mayores_18
6868,2583.0,rango_0_5
6868,3255.0,rango_13_17
6868,4267.0,rango_6_12
6875,23522.0,mayores_18
6875,2586.0,rango_0_5
6875,2767.0,rango_13_17
6875,3677.0,rango_6_12
6882,94865.0,mayores_18
6882,9976.0,rango_0_5
6882,11143.0,rango_13_17
6882,15431.0,rango_6_12
10007,3945.0,mayores_18
10007,374.0,rango_0_5
10007,329.0,rango_13_17
10007,439.0,rango_6_12
10014,2427.0,mayores_18
10014,243.0,rango_0_5
10014,278.0,rango_13_17
10014,334.0,rango_6_12
10021,14266.0,mayores_18
10021,1535.0,rango_0_5
10021,1707.0,rango_13_17
10021,2037.0,rango_6_12
10028,1297.0,mayores_18
10028,142.0,rango_0_5
10028,142.0,rango_13_17
10028,241.0,rango_6_12
10035,21520.0,mayores_18
10035,2482.0,rango_0_5
10035,2838.0,rango_13_17
10035,3513.0,rango_6_12
10042,13844.0,mayores_18
10042,1697.0,rango_0_5
10042,1686.0,rango_13_17
10042,2244.0,rango_6_12
10049,137583.0,mayores_18
10049,14250.0,rango_0_5
10049,14501.0,rango_13_17
10049,20132.0,rango_6_12
10056,3062.0,mayores_18
10056,394.0,rango_0_5
10056,402.0,rango_13_17
10056,517.0,rango_6_12
10063,10621.0,mayores_18
10063,1207.0,rango_0_5
10063,1145.0,rango_13_17
10063,1651.0,rango_6_12
10070,18459.0,mayores_18
10070,2352.0,rango_0_5
10070,2384.0,rango_13_17
10070,3146.0,rango_6_12
10077,3511.0,mayores_18
10077,317.0,rango_0_5
10077,356.0,rango_13_17
10077,512.0,rango_6_12
10084,8635.0,mayores_18
10084,988.0,rango_0_5
10084,1116.0,rango_13_17
10084,1480.0,rango_6_12
10091,19459.0,mayores_18
10091,2179.0,rango_0_5
10091,2186.0,rango_13_17
10091,2998.0,rango_6_12
10098,9525.0,mayores_18
10098,1154.0,rango_0_5
10098,1162.0,rango_13_17
10098,1476.0,rango_6_12
10105,18191.0,mayores_18
10105,2024.0,rango_0_5
10105,2255.0,rango_13_17
10105,2784.0,rango_6_12
10112,24652.0,mayores_18
10112,2667.0,rango_0_5
10112,2770.0,rango_13_17
10112,3862.0,rango_6_12
14007,55111.0,mayores_18
14007,5902.0,rango_0_5
14007,5975.0,rango_13_17
14007,8474.0,rango_6_12
14014,1136566.0,mayores_18
14014,105777.0,rango_0_5
14014,106456.0,rango_13_17
14014,149261.0,rango_6_12
14021,210694.0,mayores_18
14021,24253.0,rango_0_5
14021,24613.0,rango_13_17
14021,34951.0,rango_6_12
14028,46186.0,mayores_18
14028,5650.0,rango_0_5
14028,5373.0,rango_13_17
14028,7539.0,rango_6_12
14035,26475.0,mayores_18
14035,2905.0,rango_0_5
14035,2856.0,rango_13_17
14035,3828.0,rango_6_12
14042,111728.0,mayores_18
14042,12494.0,rango_0_5
14042,11456.0,rango_13_17
14042,16719.0,rango_6_12
14049,25503.0,mayores_18
14049,3125.0,rango_0_5
14049,3236.0,rango_13_17
14049,4159.0,rango_6_12
14056,49928.0,mayores_18
14056,5605.0,rango_0_5
14056,5280.0,rango_13_17
14056,7504.0,rango_6_12
14063,81175.0,mayores_18
14063,7791.0,rango_0_5
14063,7608.0,rango_13_17
14063,10712.0,rango_6_12
14070,3601.0,mayores_18
14070,371.0,rango_0_5
14070,384.0,rango_13_17
14070,499.0,rango_6_12
14077,3823.0,mayores_18
14077,377.0,rango_0_5
14077,398.0,rango_13_17
14077,472.0,rango_6_12
14084,27590.0,mayores_18
14084,2907.0,rango_0_5
14084,2924.0,rango_13_17
14084,4130.0,rango_6_12
14091,164736.0,mayores_18
14091,15214.0,rango_0_5
14091,16548.0,rango_13_17
14091,22996.0,rango_6_12
14098,207259.0,mayores_18
14098,21670.0,rango_0_5
14098,20150.0,rango_13_17
14098,28900.0,rango_6_12
14105,41567.0,mayores_18
14105,5303.0,rango_0_5
14105,4647.0,rango_13_17
14105,6664.0,rango_6_12
14112,10678.0,mayores_18
14112,1324.0,rango_0_5
14112,1383.0,rango_13_17
14112,1890.0,rango_6_12
14119,83705.0,mayores_18
14119,8823.0,rango_0_5
14119,8663.0,rango_13_17
14119,12120.0,rango_6_12
14126,30730.0,mayores_18
14126,3328.0,rango_0_5
14126,3305.0,rango_13_17
14126,4666.0,rango_6_12
14133,45948.0,mayores_18
14133,4809.0,rango_0_5
14133,4900.0,rango_13_17
14133,7043.0,rango_6_12
14140,168963.0,mayores_18
14140,17737.0,rango_0_5
14140,17996.0,rango_13_17
14140,24255.0,rango_6_12
14147,99205.0,mayores_18
14147,12002.0,rango_0_5
14147,11150.0,rango_13_17
14147,16655.0,rango_6_12
14154,3175.0,mayores_18
14154,345.0,rango_0_5
14154,393.0,rango_13_17
14154,468.0,rango_6_12
14161,89553.0,mayores_18
14161,9114.0,rango_0_5
14161,8880.0,rango_13_17
14161,12660.0,rango_6_12
14168,16037.0,mayores_18
14168,1943.0,rango_0_5
14168,1866.0,rango_13_17
14168,2627.0,rango_6_12
14175,10443.0,mayores_18
14175,1158.0,rango_0_5
14175,1037.0,rango_13_17
14175,1454.0,rango_6_12
14182,84199.0,mayores_18
14182,8748.0,rango_0_5
14182,8675.0,rango_13_17
14182,12013.0,rango_6_12
18007,30735.0,mayores_18
18007,4397.0,rango_0_5
18007,3639.0,rango_13_17
18007,5598.0,rango_6_12
18014,2030.0,mayores_18
18014,231.0,rango_0_5
18014,246.0,rango_13_17
18014,301.0,rango_6_12
18021,321326.0,mayores_18
18021,35160.0,rango_0_5
18021,33152.0,rango_13_17
18021,47808.0,rango_6_12
18028,17182.0,mayores_18
18028,2791.0,rango_0_5
18028,2576.0,rango_13_17
18028,3721.0,rango_6_12
18035,36285.0,mayores_18
18035,4649.0,rango_0_5
18035,4346.0,rango_13_17
18035,6209.0,rango_6_12
18042,12861.0,mayores_18
18042,1574.0,rango_0_5
18042,1472.0,rango_13_17
18042,2041.0,rango_6_12
18049,27146.0,mayores_18
18049,3662.0,rango_0_5
18049,3551.0,rango_13_17
18049,4809.0,rango_6_12
18056,6304.0,mayores_18
18056,873.0,rango_0_5
18056,788.0,rango_13_17
18056,1086.0,rango_6_12
18063,12323.0,mayores_18
18063,1425.0,rango_0_5
18063,1352.0,rango_13_17
18063,1916.0,rango_6_12
18070,75302.0,mayores_18
18070,9035.0,rango_0_5
18070,9157.0,rango_13_17
18070,12729.0,rango_6_12
18077,8381.0,mayores_18
18077,1136.0,rango_0_5
18077,938.0,rango_13_17
18077,1491.0,rango_6_12
18084,26693.0,mayores_18
18084,3816.0,rango_0_5
18084,3380.0,rango_13_17
18084,4878.0,rango_6_12
18091,26815.0,mayores_18
18091,4432.0,rango_0_5
18091,3614.0,rango_13_17
18091,5545.0,rango_6_12
18098,8186.0,mayores_18
18098,1002.0,rango_0_5
18098,1036.0,rango_13_17
18098,1317.0,rango_6_12
18105,34854.0,mayores_18
18105,4965.0,rango_0_5
18105,3868.0,rango_13_17
18105,6120.0,rango_6_12
18112,32314.0,mayores_18
18112,4116.0,rango_0_5
18112,3686.0,rango_13_17
18112,5486.0,rango_6_12
18119,38542.0,mayores_18
18119,5442.0,rango_0_5
18119,5343.0,rango_13_17
18119,7451.0,rango_6_12
18126,20263.0,mayores_18
18126,2703.0,rango_0_5
18126,2594.0,rango_13_17
18126,3566.0,rango_6_12
18133,14432.0,mayores_18
18133,1633.0,rango_0_5
18133,1423.0,rango_13_17
18133,2191.0,rango_6_12
18140,15377.0,mayores_18
18140,1862.0,rango_0_5
18140,1750.0,rango_13_17
18140,2392.0,rango_6_12
18147,10271.0,mayores_18
18147,1512.0,rango_0_5
18147,1401.0,rango_13_17
18147,1980.0,rango_6_12
18154,8446.0,mayores_18
18154,1287.0,rango_0_5
18154,1209.0,rango_13_17
18154,1758.0,rango_6_12
18161,15840.0,mayores_18
18161,2171.0,rango_0_5
18161,1945.0,rango_13_17
18161,2726.0,rango_6_12
18168,49134.0,mayores_18
18168,6984.0,rango_0_5
18168,6350.0,rango_13_17
18168,9454.0,rango_6_12
18175,7274.0,mayores_18
18175,922.0,rango_0_5
18175,935.0,rango_13_17
18175,1251.0,rango_6_12
22007,24813.0,mayores_18
22007,4089.0,rango_0_5
22007,3803.0,rango_13_17
22007,5089.0,rango_6_12
22014,19765.0,mayores_18
22014,2560.0,rango_0_5
22014,2304.0,rango_13_17
22014,3431.0,rango_6_12
22021,71572.0,mayores_18
22021,8579.0,rango_0_5
22021,8717.0,rango_13_17
22021,12218.0,rango_6_12
22028,24604.0,mayores_18
22028,3114.0,rango_0_5
22028,2661.0,rango_13_17
22028,4114.0,rango_6_12
22036,16127.0,mayores_18
22036,2262.0,rango_0_5
22036,1939.0,rango_13_17
22036,2851.0,rango_6_12
22039,6051.0,mayores_18
22039,745.0,rango_0_5
22039,619.0,rango_13_17
22039,895.0,rango_6_12
22043,7499.0,mayores_18
22043,968.0,rango_0_5
22043,871.0,rango_13_17
22043,1305.0,rango_6_12
22049,8504.0,mayores_18
22049,1411.0,rango_0_5
22049,1194.0,rango_13_17
22049,1698.0,rango_6_12
22056,10756.0,mayores_18
22056,1285.0,rango_0_5
22056,1226.0,rango_13_17
22056,1794.0,rango_6_12
22063,45807.0,mayores_18
22063,6921.0,rango_0_5
22063,6215.0,rango_13_17
22063,9486.0,rango_6_12
22070,14266.0,mayores_18
22070,2318.0,rango_0_5
22070,2344.0,rango_13_17
22070,3020.0,rango_6_12
22077,9702.0,mayores_18
22077,1282.0,rango_0_5
22077,1109.0,rango_13_17
22077,1682.0,rango_6_12
22084,44716.0,mayores_18
22084,6514.0,rango_0_5
22084,5668.0,rango_13_17
22084,8406.0,rango_6_12
22091,17937.0,mayores_18
22091,2701.0,rango_0_5
22091,2248.0,rango_13_17
22091,3468.0,rango_6_12
22098,41382.0,mayores_18
22098,5880.0,rango_0_5
22098,4936.0,rango_13_17
22098,7600.0,rango_6_12
22105,21108.0,mayores_18
22105,2987.0,rango_0_5
22105,2556.0,rango_13_17
22105,3572.0,rango_6_12
22112,14265.0,mayores_18
22112,2090.0,rango_0_5
22112,2171.0,rango_13_17
22112,3018.0,rango_6_12
22119,9480.0,mayores_18
22119,1353.0,rango_0_5
22119,1252.0,rango_13_17
22119,1853.0,rango_6_12
22126,10073.0,mayores_18
22126,1360.0,rango_0_5
22126,1022.0,rango_13_17
22126,1810.0,rango_6_12
22133,22529.0,mayores_18
22133,3168.0,rango_0_5
22133,2914.0,rango_13_17
22133,3819.0,rango_6_12
22140,306169.0,mayores_18
22140,31821.0,rango_0_5
22140,30260.0,rango_13_17
22140,45514.0,rango_6_12
22147,10827.0,mayores_18
22147,1707.0,rango_0_5
22147,1392.0,rango_13_17
22147,2119.0,rango_6_12
22154,13083.0,mayores_18
22154,1769.0,rango_0_5
22154,1558.0,rango_13_17
22154,2286.0,rango_6_12
22161,2788.0,mayores_18
22161,394.0,rango_0_5
22161,364.0,rango_13_17
22161,505.0,rango_6_12
22168,21561.0,mayores_18
22168,3301.0,rango_0_5
22168,3201.0,rango_13_17
22168,4543.0,rango_6_12
26007,73600.0,mayores_18
26007,8111.0,rango_0_5
26007,8851.0,rango_13_17
26007,12244.0,rango_6_12
26014,20544.0,mayores_18
26014,2022.0,rango_0_5
26014,2317.0,rango_13_17
26014,3216.0,rango_6_12
26021,155724.0,mayores_18
26021,16668.0,rango_0_5
26021,17230.0,rango_13_17
26021,25207.0,rango_6_12
26028,1252.0,mayores_18
26028,175.0,rango_0_5
26028,134.0,rango_13_17
26028,221.0,rango_6_12
26035,36723.0,mayores_18
26035,3522.0,rango_0_5
26035,4018.0,rango_13_17
26035,5702.0,rango_6_12
26042,9065.0,mayores_18
26042,998.0,rango_0_5
26042,1046.0,rango_13_17
26042,1396.0,rango_6_12
26049,902.0,mayores_18
26049,83.0,rango_0_5
26049,88.0,rango_13_17
26049,108.0,rango_6_12
26056,2091.0,mayores_18
26056,236.0,rango_0_5
26056,238.0,rango_13_17
26056,297.0,rango_6_12
26063,557.0,mayores_18
26063,64.0,rango_0_5
26063,49.0,rango_13_17
26063,74.0,rango_6_12
26070,1437.0,mayores_18
26070,137.0,rango_0_5
26070,117.0,rango_13_17
26070,191.0,rango_6_12
26077,106906.0,mayores_18
26077,10491.0,rango_0_5
26077,11382.0,rango_13_17
26077,15641.0,rango_6_12
26084,4575.0,mayores_18
26084,565.0,rango_0_5
26084,461.0,rango_13_17
26084,746.0,rango_6_12
26091,9864.0,mayores_18
26091,1344.0,rango_0_5
26091,1274.0,rango_13_17
26091,1995.0,rango_6_12
26098,4267.0,mayores_18
26098,464.0,rango_0_5
26098,462.0,rango_13_17
26098,754.0,rango_6_12
26105,1198.0,mayores_18
26105,117.0,rango_0_5
26105,126.0,rango_13_17
26105,167.0,rango_6_12
30008,55155.0,mayores_18
30008,5907.0,rango_0_5
30008,5733.0,rango_13_17
30008,8095.0,rango_6_12
30015,138256.0,mayores_18
30015,17901.0,rango_0_5
30015,16536.0,rango_13_17
30015,24910.0,rango_6_12
30021,39599.0,mayores_18
30021,3847.0,rango_0_5
30021,3650.0,rango_13_17
30021,5216.0,rango_6_12
30028,55887.0,mayores_18
30028,6876.0,rango_0_5
30028,6175.0,rango_13_17
30028,9326.0,rango_6_12
30035,21177.0,mayores_18
30035,2629.0,rango_0_5
30035,2303.0,rango_13_17
30035,3327.0,rango_6_12
30042,11791.0,mayores_18
30042,1461.0,rango_0_5
30042,1463.0,rango_13_17
30042,2002.0,rango_6_12
30049,41495.0,mayores_18
30049,4529.0,rango_0_5
30049,4413.0,rango_13_17
30049,6359.0,rango_6_12
30056,92134.0,mayores_18
30056,9410.0,rango_0_5
30056,9887.0,rango_13_17
30056,13745.0,rango_6_12
30063,9705.0,mayores_18
30063,1271.0,rango_0_5
30063,1218.0,rango_13_17
30063,1790.0,rango_6_12
30070,53412.0,mayores_18
30070,6549.0,rango_0_5
30070,6216.0,rango_13_17
30070,9094.0,rango_6_12
30077,31550.0,mayores_18
30077,3364.0,rango_0_5
30077,3309.0,rango_13_17
30077,4731.0,rango_6_12
30084,291761.0,mayores_18
30084,27975.0,rango_0_5
30084,28200.0,rango_13_17
30084,40780.0,rango_6_12
30088,14733.0,mayores_18
30088,1743.0,rango_0_5
30088,1823.0,rango_13_17
30088,2487.0,rango_6_12
30091,22506.0,mayores_18
30091,2477.0,rango_0_5
30091,2507.0,rango_13_17
30091,3601.0,rango_6_12
30098,85305.0,mayores_18
30098,8632.0,rango_0_5
30098,9036.0,rango_13_17
30098,12543.0,rango_6_12
30105,29896.0,mayores_18
30105,3123.0,rango_0_5
30105,3023.0,rango_13_17
30105,4259.0,rango_6_12
30113,39847.0,mayores_18
30113,4679.0,rango_0_5
30113,4500.0,rango_13_17
30113,6258.0,rango_6_12
34007,9900.0,mayores_18
34007,1763.0,rango_0_5
34007,1566.0,rango_13_17
34007,2371.0,rango_6_12
34014,194755.0,mayores_18
34014,21127.0,rango_0_5
34014,21926.0,rango_13_17
34014,30764.0,rango_6_12
34021,13206.0,mayores_18
34021,1725.0,rango_0_5
34021,1848.0,rango_13_17
34021,2496.0,rango_6_12
34028,10830.0,mayores_18
34028,1918.0,rango_0_5
34028,1730.0,rango_13_17
34028,2539.0,rango_6_12
34035,54623.0,mayores_18
34035,8070.0,rango_0_5
34035,7431.0,rango_13_17
34035,11476.0,rango_6_12
34042,12904.0,mayores_18
34042,1864.0,rango_0_5
34042,1791.0,rango_13_17
34042,2530.0,rango_6_12
34049,65423.0,mayores_18
34049,8934.0,rango_0_5
34049,7876.0,rango_13_17
34049,11883.0,rango_6_12
34056,49695.0,mayores_18
34056,6830.0,rango_0_5
34056,6618.0,rango_13_17
34056,9417.0,rango_6_12
34063,9880.0,mayores_18
34063,2421.0,rango_0_5
34063,2138.0,rango_13_17
34063,3239.0,rango_6_12
38007,10182.0,mayores_18
38007,1322.0,rango_0_5
38007,1492.0,rango_13_17
38007,2002.0,rango_6_12
38014,84755.0,mayores_18
38014,11018.0,rango_0_5
38014,10910.0,rango_13_17
38014,15576.0,rango_6_12
38021,235007.0,mayores_18
38021,23048.0,rango_0_5
38021,25045.0,rango_13_17
38021,36369.0,rango_6_12
38028,14277.0,mayores_18
38028,1752.0,rango_0_5
38028,1956.0,rango_13_17
38028,2892.0,rango_6_12
38035,66498.0,mayores_18
38035,8147.0,rango_0_5
38035,7969.0,rango_13_17
38035,11518.0,rango_6_12
38042,47548.0,mayores_18
38042,4800.0,rango_0_5
38042,5524.0,rango_13_17
38042,7650.0,rango_6_12
38049,1183.0,mayores_18
38049,170.0,rango_0_5
38049,152.0,rango_13_17
38049,292.0,rango_6_12
38056,4849.0,mayores_18
38056,539.0,rango_0_5
38056,521.0,rango_13_17
38056,820.0,rango_6_12
38063,63112.0,mayores_18
38063,7205.0,rango_0_5
38063,7175.0,rango_13_17
38063,10745.0,rango_6_12
38070,13967.0,mayores_18
38070,1905.0,rango_0_5
38070,1777.0,rango_13_17
38070,2848.0,rango_6_12
38077,1745.0,mayores_18
38077,282.0,rango_0_5
38077,264.0,rango_13_17
38077,350.0,rango_6_12
38084,2517.0,mayores_18
38084,439.0,rango_0_5
38084,406.0,rango_13_17
38084,604.0,rango_6_12
38094,10441.0,mayores_18
38094,1063.0,rango_0_5
38094,1330.0,rango_13_17
38094,1787.0,rango_6_12
38098,3903.0,mayores_18
38098,375.0,rango_0_5
38098,389.0,rango_13_17
38098,631.0,rango_6_12
38105,1729.0,mayores_18
38105,194.0,rango_0_5
38105,235.0,rango_13_17
38105,332.0,rango_6_12
38112,17835.0,mayores_18
38112,2367.0,rango_0_5
38112,2382.0,rango_13_17
38112,3247.0,rango_6_12
42007,8291.0,mayores_18
42007,769.0,rango_0_5
42007,847.0,rango_13_17
42007,1146.0,rango_6_12
42014,1837.0,mayores_18
42014,194.0,rango_0_5
42014,255.0,rango_13_17
42014,325.0,rango_6_12
42021,88143.0,mayores_18
42021,8258.0,rango_0_5
42021,9176.0,rango_13_17
42021,12927.0,rango_6_12
42028,5885.0,mayores_18
42028,648.0,rango_0_5
42028,673.0,rango_13_17
42028,1019.0,rango_6_12
42035,11458.0,mayores_18
42035,1023.0,rango_0_5
42035,1046.0,rango_13_17
42035,1567.0,rango_6_12
42042,798.0,mayores_18
42042,99.0,rango_0_5
42042,81.0,rango_13_17
42042,125.0,rango_6_12
42049,2078.0,mayores_18
42049,201.0,rango_0_5
42049,235.0,rango_13_17
42049,354.0,rango_6_12
42056,8968.0,mayores_18
42056,960.0,rango_0_5
42056,996.0,rango_13_17
42056,1353.0,rango_6_12
42063,1036.0,mayores_18
42063,110.0,rango_0_5
42063,135.0,rango_13_17
42063,180.0,rango_6_12
42070,7117.0,mayores_18
42070,690.0,rango_0_5
42070,696.0,rango_13_17
42070,894.0,rango_6_12
42077,6009.0,mayores_18
42077,486.0,rango_0_5
42077,525.0,rango_13_17
42077,693.0,rango_6_12
42084,298.0,mayores_18
42084,39.0,rango_0_5
42084,39.0,rango_13_17
42084,52.0,rango_6_12
42091,315.0,mayores_18
42091,33.0,rango_0_5
42091,19.0,rango_13_17
42091,46.0,rango_6_12
42098,6858.0,mayores_18
42098,647.0,rango_0_5
42098,745.0,rango_13_17
42098,993.0,rango_6_12
42105,50843.0,mayores_18
42105,5292.0,rango_0_5
42105,5299.0,rango_13_17
42105,7633.0,rango_6_12
42112,7965.0,mayores_18
42112,1095.0,rango_0_5
42112,1000.0,rango_13_17
42112,1576.0,rango_6_12
42119,6282.0,mayores_18
42119,600.0,rango_0_5
42119,697.0,rango_13_17
42119,825.0,rango_6_12
42126,7984.0,mayores_18
42126,853.0,rango_0_5
42126,972.0,rango_13_17
42126,1281.0,rango_6_12
42133,12757.0,mayores_18
42133,1232.0,rango_0_5
42133,1443.0,rango_13_17
42133,1924.0,rango_6_12
42140,12413.0,mayores_18
42140,1540.0,rango_0_5
42140,1538.0,rango_13_17
42140,2436.0,rango_6_12
42147,4195.0,mayores_18
42147,435.0,rango_0_5
42147,427.0,rango_13_17
42147,580.0,rango_6_12
42154,12822.0,mayores_18
42154,1321.0,rango_0_5
42154,1459.0,rango_13_17
42154,2084.0,rango_6_12
46007,11659.0,mayores_18
46007,1353.0,rango_0_5
46007,1324.0,rango_13_17
46007,1915.0,rango_6_12
46014,154713.0,mayores_18
46014,15697.0,rango_0_5
46014,16804.0,rango_13_17
46014,23293.0,rango_6_12
46021,4353.0,mayores_18
46021,409.0,rango_0_5
46021,422.0,rango_13_17
46021,626.0,rango_6_12
46028,8440.0,mayores_18
46028,829.0,rango_0_5
46028,853.0,rango_13_17
46028,1249.0,rango_6_12
46035,11543.0,mayores_18
46035,1307.0,rango_0_5
46035,1191.0,rango_13_17
46035,1589.0,rango_6_12
46042,41639.0,mayores_18
46042,4579.0,rango_0_5
46042,5425.0,rango_13_17
46042,7038.0,rango_6_12
46049,5165.0,mayores_18
46049,479.0,rango_0_5
46049,583.0,rango_13_17
46049,757.0,rango_6_12
46056,2281.0,mayores_18
46056,255.0,rango_0_5
46056,256.0,rango_13_17
46056,392.0,rango_6_12
46063,5602.0,mayores_18
46063,621.0,rango_0_5
46063,608.0,rango_13_17
46063,784.0,rango_6_12
46070,2926.0,mayores_18
46070,337.0,rango_0_5
46070,344.0,rango_13_17
46070,406.0,rango_6_12
46077,1379.0,mayores_18
46077,158.0,rango_0_5
46077,157.0,rango_13_17
46077,191.0,rango_6_12
46084,5442.0,mayores_18
46084,567.0,rango_0_5
46084,573.0,rango_13_17
46084,765.0,rango_6_12
46091,3510.0,mayores_18
46091,394.0,rango_0_5
46091,470.0,rango_13_17
46091,643.0,rango_6_12
46098,1968.0,mayores_18
46098,224.0,rango_0_5
46098,209.0,rango_13_17
46098,294.0,rango_6_12
46105,1674.0,mayores_18
46105,209.0,rango_0_5
46105,225.0,rango_13_17
46105,291.0,rango_6_12
46112,11217.0,mayores_18
46112,1310.0,rango_0_5
46112,1337.0,rango_13_17
46112,1900.0,rango_6_12
46119,3095.0,mayores_18
46119,345.0,rango_0_5
46119,365.0,rango_13_17
46119,501.0,rango_6_12
46126,2181.0,mayores_18
46126,230.0,rango_0_5
46126,222.0,rango_13_17
46126,361.0,rango_6_12
50007,95975.0,mayores_18
50007,8283.0,rango_0_5
50007,7894.0,rango_13_17
50007,11563.0,rango_6_12
50014,37905.0,mayores_18
50014,4069.0,rango_0_5
50014,4145.0,rango_13_17
50014,6260.0,rango_6_12
50021,147274.0,mayores_18
50021,13392.0,rango_0_5
50021,14053.0,rango_13_17
50021,19838.0,rango_6_12
50028,233338.0,mayores_18
50028,25349.0,rango_0_5
50028,25188.0,rango_13_17
50028,36996.0,rango_6_12
50035,33888.0,mayores_18
50035,3662.0,rango_0_5
50035,3623.0,rango_13_17
50035,5299.0,rango_6_12
50042,8552.0,mayores_18
50042,1018.0,rango_0_5
50042,949.0,rango_13_17
50042,1499.0,rango_6_12
50049,164993.0,mayores_18
50049,19700.0,rango_0_5
50049,20154.0,rango_13_17
50049,28992.0,rango_6_12
50056,31543.0,mayores_18
50056,4526.0,rango_0_5
50056,4343.0,rango_13_17
50056,6674.0,rango_6_12
50063,122349.0,mayores_18
50063,13914.0,rango_0_5
50063,14798.0,rango_13_17
50063,20822.0,rango_6_12
50070,156002.0,mayores_18
50070,18163.0,rango_0_5
50070,18280.0,rango_13_17
50070,26442.0,rango_6_12
50077,22509.0,mayores_18
50077,2811.0,rango_0_5
50077,2931.0,rango_13_17
50077,4345.0,rango_6_12
50084,45496.0,mayores_18
50084,5261.0,rango_0_5
50084,5149.0,rango_13_17
50084,7683.0,rango_6_12
50091,27729.0,mayores_18
50091,3475.0,rango_0_5
50091,3439.0,rango_13_17
50091,5109.0,rango_6_12
50098,99238.0,mayores_18
50098,11642.0,rango_0_5
50098,11269.0,rango_13_17
50098,17257.0,rango_6_12
50105,154362.0,mayores_18
50105,17237.0,rango_0_5
50105,16849.0,rango_13_17
50105,24756.0,rango_6_12
50112,13508.0,mayores_18
50112,1765.0,rango_0_5
50112,1597.0,rango_13_17
50112,2509.0,rango_6_12
50119,41745.0,mayores_18
50119,5158.0,rango_0_5
50119,5236.0,rango_13_17
50119,7833.0,rango_6_12
50126,27880.0,mayores_18
50126,3810.0,rango_0_5
50126,3793.0,rango_13_17
50126,5685.0,rango_6_12
54007,33899.0,mayores_18
54007,5262.0,rango_0_5
54007,4559.0,rango_13_17
54007,6783.0,rango_6_12
54014,38973.0,mayores_18
54014,6425.0,rango_0_5
54014,5715.0,rango_13_17
54014,8762.0,rango_6_12
54021,22932.0,mayores_18
54021,3758.0,rango_0_5
54021,3276.0,rango_13_17
54021,4979.0,rango_6_12
54028,279605.0,mayores_18
54028,33142.0,rango_0_5
54028,31291.0,rango_13_17
54028,47460.0,rango_6_12
54035,6888.0,mayores_18
54035,1087.0,rango_0_5
54035,944.0,rango_13_17
54035,1384.0,rango_6_12
54042,62134.0,mayores_18
54042,8721.0,rango_0_5
54042,8178.0,rango_13_17
54042,12100.0,rango_6_12
54049,28755.0,mayores_18
54049,5458.0,rango_0_5
54049,4325.0,rango_13_17
54049,6918.0,rango_6_12
54056,49449.0,mayores_18
54056,8802.0,rango_0_5
54056,7391.0,rango_13_17
54056,11433.0,rango_6_12
54063,65673.0,mayores_18
54063,10641.0,rango_0_5
54063,9234.0,rango_13_17
54063,14290.0,rango_6_12
54070,34748.0,mayores_18
54070,4430.0,rango_0_5
54070,4131.0,rango_13_17
54070,6082.0,rango_6_12
54077,35394.0,mayores_18
54077,5227.0,rango_0_5
54077,4618.0,rango_13_17
54077,6927.0,rango_6_12
54084,26074.0,mayores_18
54084,3674.0,rango_0_5
54084,3559.0,rango_13_17
54084,5313.0,rango_6_12
54091,82471.0,mayores_18
54091,11680.0,rango_0_5
54091,10400.0,rango_13_17
54091,16152.0,rango_6_12
54098,42417.0,mayores_18
54098,6498.0,rango_0_5
54098,5609.0,rango_13_17
54098,8670.0,rango_6_12
54105,15339.0,mayores_18
54105,2346.0,rango_0_5
54105,2101.0,rango_13_17
54105,3294.0,rango_6_12
54112,20977.0,mayores_18
54112,4462.0,rango_0_5
54112,3524.0,rango_13_17
54112,5727.0,rango_6_12
54119,20440.0,mayores_18
54119,3369.0,rango_0_5
54119,2780.0,rango_13_17
54119,4288.0,rango_6_12
58007,7222.0,mayores_18
58007,878.0,rango_0_5
58007,865.0,rango_13_17
58007,1208.0,rango_6_12
58014,12141.0,mayores_18
58014,1908.0,rango_0_5
58014,1621.0,rango_13_17
58014,2480.0,rango_6_12
58021,1832.0,mayores_18
58021,220.0,rango_0_5
58021,221.0,rango_13_17
58021,368.0,rango_6_12
58028,3553.0,mayores_18
58028,360.0,rango_0_5
58028,384.0,rango_13_17
58028,535.0,rango_6_12
58035,344009.0,mayores_18
58035,34739.0,rango_0_5
58035,35969.0,rango_13_17
58035,52500.0,rango_6_12
58042,13390.0,mayores_18
58042,1298.0,rango_0_5
58042,1439.0,rango_13_17
58042,2162.0,rango_6_12
58049,14929.0,mayores_18
58049,1713.0,rango_0_5
58049,1681.0,rango_13_17
58049,2530.0,rango_6_12
58056,29031.0,mayores_18
58056,2801.0,rango_0_5
58056,3275.0,rango_13_17
58056,4460.0,rango_6_12
58063,5471.0,mayores_18
58063,675.0,rango_0_5
58063,623.0,rango_13_17
58063,927.0,rango_6_12
58070,11192.0,mayores_18
58070,1136.0,rango_0_5
58070,1313.0,rango_13_17
58070,1861.0,rango_6_12
58077,6766.0,mayores_18
58077,737.0,rango_0_5
58077,703.0,rango_13_17
58077,1061.0,rango_6_12
58084,4034.0,mayores_18
58084,440.0,rango_0_5
58084,452.0,rango_13_17
58084,646.0,rango_6_12
58091,20147.0,mayores_18
58091,2678.0,rango_0_5
58091,2803.0,rango_13_17
58091,4093.0,rango_6_12
58098,3679.0,mayores_18
58098,391.0,rango_0_5
58098,386.0,rango_13_17
58098,631.0,rango_6_12
58105,5980.0,mayores_18
58105,721.0,rango_0_5
58105,673.0,rango_13_17
58105,1097.0,rango_6_12
58112,32744.0,mayores_18
58112,3426.0,rango_0_5
58112,3890.0,rango_13_17
58112,5480.0,rango_6_12
62007,47088.0,mayores_18
62007,4517.0,rango_0_5
62007,5116.0,rango_13_17
62007,7124.0,rango_6_12
62014,29319.0,mayores_18
62014,3407.0,rango_0_5
62014,3494.0,rango_13_17
62014,4940.0,rango_6_12
62021,121014.0,mayores_18
62021,11266.0,rango_0_5
62021,11848.0,rango_13_17
62021,17315.0,rango_6_12
62028,5410.0,mayores_18
62028,605.0,rango_0_5
62028,543.0,rango_13_17
62028,840.0,rango_6_12
62035,4936.0,mayores_18
62035,545.0,rango_0_5
62035,578.0,rango_13_17
62035,901.0,rango_6_12
62042,276977.0,mayores_18
62042,29296.0,rango_0_5
62042,29929.0,rango_13_17
62042,43425.0,rango_6_12
62049,2731.0,mayores_18
62049,274.0,rango_0_5
62049,269.0,rango_13_17
62049,408.0,rango_6_12
62056,1091.0,mayores_18
62056,113.0,rango_0_5
62056,107.0,rango_13_17
62056,141.0,rango_6_12
62063,11978.0,mayores_18
62063,1344.0,rango_0_5
62063,1228.0,rango_13_17
62063,1943.0,rango_6_12
62070,6898.0,mayores_18
62070,598.0,rango_0_5
62070,706.0,rango_13_17
62070,1107.0,rango_6_12
62077,25694.0,mayores_18
62077,2730.0,rango_0_5
62077,2883.0,rango_13_17
62077,4166.0,rango_6_12
62084,3209.0,mayores_18
62084,337.0,rango_0_5
62084,297.0,rango_13_17
62084,457.0,rango_6_12
62091,11955.0,mayores_18
62091,1353.0,rango_0_5
62091,1370.0,rango_13_17
62091,1877.0,rango_6_12
66007,46526.0,mayores_18
66007,7052.0,rango_0_5
66007,6435.0,rango_13_17
66007,9429.0,rango_6_12
66014,6120.0,mayores_18
66014,832.0,rango_0_5
66014,740.0,rango_13_17
66014,1236.0,rango_6_12
66021,12408.0,mayores_18
66021,1430.0,rango_0_5
66021,1606.0,rango_13_17
66021,2378.0,rango_6_12
66028,455079.0,mayores_18
66028,47812.0,rango_0_5
66028,49058.0,rango_13_17
66028,72054.0,rango_6_12
66035,37256.0,mayores_18
66035,5342.0,rango_0_5
66035,5068.0,rango_13_17
66035,8047.0,rango_6_12
66042,17471.0,mayores_18
66042,2069.0,rango_0_5
66042,2161.0,rango_13_17
66042,3014.0,rango_6_12
66049,39355.0,mayores_18
66049,4858.0,rango_0_5
66049,4616.0,rango_13_17
66049,6917.0,rango_6_12
66056,114723.0,mayores_18
66056,19509.0,rango_0_5
66056,17342.0,rango_13_17
66056,25874.0,rango_6_12
66063,2511.0,mayores_18
66063,314.0,rango_0_5
66063,263.0,rango_13_17
66063,403.0,rango_6_12
66070,3843.0,mayores_18
66070,676.0,rango_0_5
66070,667.0,rango_13_17
66070,930.0,rango_6_12
66077,8932.0,mayores_18
66077,966.0,rango_0_5
66077,918.0,rango_13_17
66077,1430.0,rango_6_12
66084,5068.0,mayores_18
66084,596.0,rango_0_5
66084,614.0,rango_13_17
66084,904.0,rango_6_12
66091,1172.0,mayores_18
66091,167.0,rango_0_5
66091,190.0,rango_13_17
66091,260.0,rango_6_12
66098,6252.0,mayores_18
66098,760.0,rango_0_5
66098,768.0,rango_13_17
66098,1108.0,rango_6_12
66105,4405.0,mayores_18
66105,875.0,rango_0_5
66105,772.0,rango_13_17
66105,1130.0,rango_6_12
66112,34266.0,mayores_18
66112,4326.0,rango_0_5
66112,3741.0,rango_13_17
66112,5695.0,rango_6_12
66119,3861.0,mayores_18
66119,516.0,rango_0_5
66119,594.0,rango_13_17
66119,837.0,rango_6_12
66126,105036.0,mayores_18
66126,16651.0,rango_0_5
66126,15282.0,rango_13_17
66126,22746.0,rango_6_12
66133,22446.0,mayores_18
66133,5048.0,rango_0_5
66133,4141.0,rango_13_17
66133,6427.0,rango_6_12
66140,23890.0,mayores_18
66140,2966.0,rango_0_5
66140,2748.0,rango_13_17
66140,4146.0,rango_6_12
66147,35282.0,mayores_18
66147,4735.0,rango_0_5
66147,4340.0,rango_13_17
66147,6604.0,rango_6_12
66154,5306.0,mayores_18
66154,674.0,rango_0_5
66154,697.0,rango_13_17
66154,1102.0,rango_6_12
66161,6011.0,mayores_18
66161,909.0,rango_0_5
66161,1055.0,rango_13_17
66161,1436.0,rango_6_12
70007,21083.0,mayores_18
70007,2958.0,rango_0_5
70007,2987.0,rango_13_17
70007,4253.0,rango_6_12
70014,6846.0,mayores_18
70014,969.0,rango_0_5
70014,977.0,rango_13_17
70014,1380.0,rango_6_12
70021,7164.0,mayores_18
70021,1104.0,rango_0_5
70021,923.0,rango_13_17
70021,1476.0,rango_6_12
70028,88610.0,mayores_18
70028,7849.0,rango_0_5
70028,7771.0,rango_13_17
70028,10619.0,rango_6_12
70035,29835.0,mayores_18
70035,4319.0,rango_0_5
70035,4227.0,rango_13_17
70035,5636.0,rango_6_12
70042,70781.0,mayores_18
70042,9879.0,rango_0_5
70042,9618.0,rango_13_17
70042,13494.0,rango_6_12
70049,6170.0,mayores_18
70049,819.0,rango_0_5
70049,753.0,rango_13_17
70049,1084.0,rango_6_12
70056,18340.0,mayores_18
70056,2155.0,rango_0_5
70056,1993.0,rango_13_17
70056,2781.0,rango_6_12
70063,8359.0,mayores_18
70063,1295.0,rango_0_5
70063,1140.0,rango_13_17
70063,1704.0,rango_6_12
70070,47955.0,mayores_18
70070,7282.0,rango_0_5
70070,7207.0,rango_13_17
70070,10435.0,rango_6_12
70077,95883.0,mayores_18
70077,11959.0,rango_0_5
70077,11849.0,rango_13_17
70077,16891.0,rango_6_12
70084,73244.0,mayores_18
70084,8399.0,rango_0_5
70084,7999.0,rango_13_17
70084,11692.0,rango_6_12
70091,9844.0,mayores_18
70091,1586.0,rango_0_5
70091,1442.0,rango_13_17
70091,2165.0,rango_6_12
70098,44005.0,mayores_18
70098,5620.0,rango_0_5
70098,5316.0,rango_13_17
70098,7756.0,rango_6_12
70105,17677.0,mayores_18
70105,2876.0,rango_0_5
70105,2782.0,rango_13_17
70105,3853.0,rango_6_12
70112,4386.0,mayores_18
70112,614.0,rango_0_5
70112,590.0,rango_13_17
70112,864.0,rango_6_12
70119,6035.0,mayores_18
70119,772.0,rango_0_5
70119,655.0,rango_13_17
70119,963.0,rango_6_12
70126,13298.0,mayores_18
70126,2294.0,rango_0_5
70126,2234.0,rango_13_17
70126,2998.0,rango_6_12
70133,4498.0,mayores_18
70133,679.0,rango_0_5
70133,616.0,rango_13_17
70133,881.0,rango_6_12
74007,16796.0,mayores_18
74007,2003.0,rango_0_5
74007,2084.0,rango_13_17
74007,2770.0,rango_6_12
74014,4028.0,mayores_18
74014,444.0,rango_0_5
74014,452.0,rango_13_17
74014,651.0,rango_6_12
74021,11773.0,mayores_18
74021,1180.0,rango_0_5
74021,1381.0,rango_13_17
74021,1710.0,rango_6_12
74028,19697.0,mayores_18
74028,1946.0,rango_0_5
74028,2137.0,rango_13_17
74028,2742.0,rango_6_12
74035,106767.0,mayores_18
74035,11922.0,rango_0_5
74035,12765.0,rango_13_17
74035,17217.0,rango_6_12
74042,10048.0,mayores_18
74042,1283.0,rango_0_5
74042,1295.0,rango_13_17
74042,1708.0,rango_6_12
74049,29878.0,mayores_18
74049,2825.0,rango_0_5
74049,3314.0,rango_13_17
74049,4272.0,rango_6_12
74056,189635.0,mayores_18
74056,19681.0,rango_0_5
74056,22532.0,rango_13_17
74056,28921.0,rango_6_12
74063,3553.0,mayores_18
74063,327.0,rango_0_5
74063,366.0,rango_13_17
74063,445.0,rango_6_12
78007,10322.0,mayores_18
78007,1456.0,rango_0_5
78007,1308.0,rango_13_17
78007,1949.0,rango_6_12
78014,87942.0,mayores_18
78014,10716.0,rango_0_5
78014,11452.0,rango_13_17
78014,16156.0,rango_6_12
78021,98693.0,mayores_18
78021,10573.0,rango_0_5
78021,11651.0,rango_13_17
78021,16392.0,rango_6_12
78028,17655.0,mayores_18
78028,2180.0,rango_0_5
78028,2237.0,rango_13_17
78028,3312.0,rango_6_12
78035,8678.0,mayores_18
78035,1298.0,rango_0_5
78035,992.0,rango_13_17
78035,1616.0,rango_6_12
78042,8835.0,mayores_18
78042,1110.0,rango_0_5
78042,1144.0,rango_13_17
78042,1739.0,rango_6_12
78049,4271.0,mayores_18
78049,585.0,rango_0_5
78049,541.0,rango_13_17
78049,874.0,rango_6_12
82007,36443.0,mayores_18
82007,3597.0,rango_0_5
82007,3601.0,rango_13_17
82007,4903.0,rango_6_12
82014,66081.0,mayores_18
82014,5966.0,rango_0_5
82014,5920.0,rango_13_17
82014,8294.0,rango_6_12
82021,139191.0,mayores_18
82021,15092.0,rango_0_5
82021,14588.0,rango_13_17
82021,20593.0,rango_6_12
82028,69782.0,mayores_18
82028,6793.0,rango_0_5
82028,7055.0,rango_13_17
82028,9370.0,rango_6_12
82035,17785.0,mayores_18
82035,2349.0,rango_0_5
82035,1799.0,rango_13_17
82035,2920.0,rango_6_12
82042,150188.0,mayores_18
82042,14884.0,rango_0_5
82042,14619.0,rango_13_17
82042,20764.0,rango_6_12
82049,142126.0,mayores_18
82049,17202.0,rango_0_5
82049,15808.0,rango_13_17
82049,22397.0,rango_6_12
82056,54979.0,mayores_18
82056,5742.0,rango_0_5
82056,5147.0,rango_13_17
82056,7768.0,rango_6_12
82063,423228.0,mayores_18
82063,42937.0,rango_0_5
82063,41916.0,rango_13_17
82063,60178.0,rango_6_12
82070,86086.0,mayores_18
82070,8519.0,rango_0_5
82070,8397.0,rango_13_17
82070,11728.0,rango_6_12
82077,21849.0,mayores_18
82077,2720.0,rango_0_5
82077,2737.0,rango_13_17
82077,3636.0,rango_6_12
82084,1010845.0,mayores_18
82084,97904.0,rango_0_5
82084,92300.0,rango_13_17
82084,136909.0,rango_6_12
82091,52608.0,mayores_18
82091,5906.0,rango_0_5
82091,5805.0,rango_13_17
82091,8274.0,rango_6_12
82098,23643.0,mayores_18
82098,3076.0,rango_0_5
82098,2450.0,rango_13_17
82098,4011.0,rango_6_12
82105,62573.0,mayores_18
82105,6707.0,rango_0_5
82105,6251.0,rango_13_17
82105,9086.0,rango_6_12
82112,34003.0,mayores_18
82112,3766.0,rango_0_5
82112,3605.0,rango_13_17
82112,5112.0,rango_6_12
82119,139763.0,mayores_18
82119,16356.0,rango_0_5
82119,14817.0,rango_13_17
82119,22850.0,rango_6_12
82126,50057.0,mayores_18
82126,5177.0,rango_0_5
82126,4917.0,rango_13_17
82126,7148.0,rango_6_12
82133,39307.0,mayores_18
82133,4985.0,rango_0_5
82133,4625.0,rango_13_17
82133,6546.0,rango_6_12
86007,6310.0,mayores_18
86007,804.0,rango_0_5
86007,781.0,rango_13_17
86007,1064.0,rango_6_12
86014,12973.0,mayores_18
86014,2298.0,rango_0_5
86014,1979.0,rango_13_17
86014,2854.0,rango_6_12
86021,9611.0,mayores_18
86021,1520.0,rango_0_5
86021,1595.0,rango_13_17
86021,2168.0,rango_6_12
86028,16507.0,mayores_18
86028,2758.0,rango_0_5
86028,2670.0,rango_13_17
86028,3527.0,rango_6_12
86035,118446.0,mayores_18
86035,16118.0,rango_0_5
86035,14237.0,rango_13_17
86035,21600.0,rango_6_12
86042,7586.0,mayores_18
86042,1033.0,rango_0_5
86042,897.0,rango_13_17
86042,1293.0,rango_6_12
86049,240062.0,mayores_18
86049,26352.0,rango_0_5
86049,25179.0,rango_13_17
86049,37231.0,rango_6_12
86056,23107.0,mayores_18
86056,3908.0,rango_0_5
86056,3672.0,rango_13_17
86056,4966.0,rango_6_12
86063,30840.0,mayores_18
86063,3746.0,rango_0_5
86063,3830.0,rango_13_17
86063,5276.0,rango_6_12
86070,13221.0,mayores_18
86070,2127.0,rango_0_5
86070,2095.0,rango_13_17
86070,2803.0,rango_6_12
86077,30915.0,mayores_18
86077,4772.0,rango_0_5
86077,4575.0,rango_13_17
86077,6042.0,rango_6_12
86084,6470.0,mayores_18
86084,900.0,rango_0_5
86084,786.0,rango_13_17
86084,1095.0,rango_6_12
86091,12684.0,mayores_18
86091,1847.0,rango_0_5
86091,1715.0,rango_13_17
86091,2376.0,rango_6_12
86098,13212.0,mayores_18
86098,2152.0,rango_0_5
86098,2199.0,rango_13_17
86098,3004.0,rango_6_12
86105,16568.0,mayores_18
86105,2243.0,rango_0_5
86105,2185.0,rango_13_17
86105,3051.0,rango_6_12
86112,1049.0,mayores_18
86112,112.0,rango_0_5
86112,136.0,rango_13_17
86112,143.0,rango_6_12
86119,25730.0,mayores_18
86119,4608.0,rango_0_5
86119,4379.0,rango_13_17
86119,5635.0,rango_6_12
86126,10564.0,mayores_18
86126,1392.0,rango_0_5
86126,1338.0,rango_13_17
86126,1714.0,rango_6_12
86133,17466.0,mayores_18
86133,2632.0,rango_0_5
86133,2461.0,rango_13_17
86133,3634.0,rango_6_12
86140,8369.0,mayores_18
86140,1286.0,rango_0_5
86140,1096.0,rango_13_17
86140,1585.0,rango_6_12
86147,45954.0,mayores_18
86147,6377.0,rango_0_5
86147,5737.0,rango_13_17
86147,8569.0,rango_6_12
86154,3733.0,mayores_18
86154,487.0,rango_0_5
86154,445.0,rango_13_17
86154,649.0,rango_6_12
86161,36258.0,mayores_18
86161,5435.0,rango_0_5
86161,5013.0,rango_13_17
86161,7173.0,rango_6_12
86168,8344.0,mayores_18
86168,1294.0,rango_0_5
86168,1391.0,rango_13_17
86168,1746.0,rango_6_12
86175,7160.0,mayores_18
86175,1183.0,rango_0_5
86175,1238.0,rango_13_17
86175,1602.0,rango_6_12
86182,3278.0,mayores_18
86182,533.0,rango_0_5
86182,501.0,rango_13_17
86182,722.0,rango_6_12
86189,6838.0,mayores_18
86189,861.0,rango_0_5
86189,894.0,rango_13_17
86189,1173.0,rango_6_12
90007,30963.0,mayores_18
90007,4330.0,rango_0_5
90007,4132.0,rango_13_17
90007,6034.0,rango_6_12
90014,157403.0,mayores_18
90014,21071.0,rango_0_5
90014,19840.0,rango_13_17
90014,29374.0,rango_6_12
90021,66547.0,mayores_18
90021,7651.0,rango_0_5
90021,7391.0,rango_13_17
90021,10719.0,rango_6_12
90028,29107.0,mayores_18
90028,4239.0,rango_0_5
90028,3834.0,rango_13_17
90028,5489.0,rango_6_12
90035,10898.0,mayores_18
90035,1434.0,rango_0_5
90035,1327.0,rango_13_17
90035,1880.0,rango_6_12
90042,24812.0,mayores_18
90042,2908.0,rango_0_5
90042,2901.0,rango_13_17
90042,4124.0,rango_6_12
90049,14833.0,mayores_18
90049,1894.0,rango_0_5
90049,1912.0,rango_13_17
90049,2557.0,rango_6_12
90056,47139.0,mayores_18
90056,5678.0,rango_0_5
90056,5643.0,rango_13_17
90056,7892.0,rango_6_12
90063,63856.0,mayores_18
90063,8542.0,rango_0_5
90063,8372.0,rango_13_17
90063,12694.0,rango_6_12
90070,55105.0,mayores_18
90070,6523.0,rango_0_5
90070,6561.0,rango_13_17
90070,9280.0,rango_6_12
90077,46268.0,mayores_18
90077,5525.0,rango_0_5
90077,5394.0,rango_13_17
90077,7740.0,rango_6_12
90084,441113.0,mayores_18
90084,44089.0,rango_0_5
90084,41745.0,rango_13_17
90084,60342.0,rango_6_12
90091,26378.0,mayores_18
90091,3132.0,rango_0_5
90091,3009.0,rango_13_17
90091,4427.0,rango_6_12
90098,16192.0,mayores_18
90098,1828.0,rango_0_5
90098,1756.0,rango_13_17
90098,2606.0,rango_6_12
90105,121308.0,mayores_18
90105,15052.0,rango_0_5
90105,14773.0,rango_13_17
90105,21744.0,rango_6_12
90112,16369.0,mayores_18
90112,2185.0,rango_0_5
90112,2030.0,rango_13_17
90112,2854.0,rango_6_12
90119,74009.0,mayores_18
90119,8420.0,rango_0_5
90119,8300.0,rango_13_17
90119,11860.0,rango_6_12
94008,70726.0,mayores_18
94008,8087.0,rango_0_5
94008,8293.0,rango_13_17
94008,11816.0,rango_6_12
94011,4071.0,mayores_18
94011,581.0,rango_0_5
94011,543.0,rango_13_17
94011,832.0,rango_6_12
94015,58739.0,mayores_18
94015,6135.0,rango_0_5
94015,6237.0,rango_13_17
94015,8898.0,rango_6_12
